source name	characteristics[organism]	characteristics[organism part]	characteristics[disease]	characteristics[cell type]	characteristics[cell line]	characteristics[cellosaurus accession]	characteristics[cellosaurus name]	characteristics[developmental stage]	characteristics[age]	characteristics[sex]	characteristics[biological replicate]	characteristics[sample type]	assay name	technology type	comment[proteomics data acquisition method]	comment[instrument]	comment[label]	comment[cleavage agent details]	comment[modification parameters]	comment[modification parameters]	comment[modification parameters]	comment[modification parameters]	comment[modification parameters]	comment[modification parameters]	comment[reduction reagent]	comment[alkylation reagent]	comment[dissociation method]	comment[precursor mass tolerance]	comment[fragment mass tolerance]	comment[collision energy]	comment[fraction identifier]	comment[technical replicate]	comment[data file]	comment[sdrf version]	comment[sdrf template]	comment[sdrf template]	comment[sdrf template]	comment[sdrf annotation tool]	factor value[cell line]
D492_E1	Homo sapiens	breast epithelium	normal	luminal epithelial cell of mammary gland	D492	CVCL_D1HJ	D492	adult	not available	female	1	study sample	OR-D492_E1_	proteomic profiling by mass spectrometry	NT=Data-dependent acquisition;AC=PRIDE:0000627	NT=LTQ Orbitrap Velos;AC=MS:1001742	NT=label free sample;AC=MS:1002038	NT=Trypsin/P;AC=MS:1001313	NT=Carbamidomethyl;AC=UNIMOD:4;TA=C;MT=Fixed	NT=Oxidation;AC=UNIMOD:35;TA=M;MT=Variable	NT=Acetyl;AC=UNIMOD:1;PP=Protein N-term;MT=Variable	NT=Deamidated;AC=UNIMOD:7;TA=N;MT=Variable	NT=Deamidated;AC=UNIMOD:7;TA=Q;MT=Variable	NT=Gln->pyro-Glu;AC=UNIMOD:28;PP=Protein N-term;MT=Variable	NT=Dithiothreitol (DTT);AC=PRIDE:0000608	not available	NT=collision-induced dissociation;AC=MS:1000133	not available	0.6 Da	35% NCE	1	1	OR-D492_E1_.raw	v1.1.0	NT=ms-proteomics;VV=v1.1.0	NT=human;VV=v1.1.0	NT=cell-lines;VV=v1.1.0	manual curation	D492
D492_E1	Homo sapiens	breast epithelium	normal	luminal epithelial cell of mammary gland	D492	CVCL_D1HJ	D492	adult	not available	female	1	study sample	OR-D492_E1_-repeat	proteomic profiling by mass spectrometry	NT=Data-dependent acquisition;AC=PRIDE:0000627	NT=LTQ Orbitrap Velos;AC=MS:1001742	NT=label free sample;AC=MS:1002038	NT=Trypsin/P;AC=MS:1001313	NT=Carbamidomethyl;AC=UNIMOD:4;TA=C;MT=Fixed	NT=Oxidation;AC=UNIMOD:35;TA=M;MT=Variable	NT=Acetyl;AC=UNIMOD:1;PP=Protein N-term;MT=Variable	NT=Deamidated;AC=UNIMOD:7;TA=N;MT=Variable	NT=Deamidated;AC=UNIMOD:7;TA=Q;MT=Variable	NT=Gln->pyro-Glu;AC=UNIMOD:28;PP=Protein N-term;MT=Variable	NT=Dithiothreitol (DTT);AC=PRIDE:0000608	not available	NT=collision-induced dissociation;AC=MS:1000133	not available	0.6 Da	35% NCE	1	2	OR-D492_E1_-repeat.raw	v1.1.0	NT=ms-proteomics;VV=v1.1.0	NT=human;VV=v1.1.0	NT=cell-lines;VV=v1.1.0	manual curation	D492
D492_E1-72	Homo sapiens	breast epithelium	normal	luminal epithelial cell of mammary gland	D492	CVCL_D1HJ	D492	adult	not available	female	2	study sample	OR-E1-72	proteomic profiling by mass spectrometry	NT=Data-dependent acquisition;AC=PRIDE:0000627	NT=LTQ Orbitrap Velos;AC=MS:1001742	NT=label free sample;AC=MS:1002038	NT=Trypsin/P;AC=MS:1001313	NT=Carbamidomethyl;AC=UNIMOD:4;TA=C;MT=Fixed	NT=Oxidation;AC=UNIMOD:35;TA=M;MT=Variable	NT=Acetyl;AC=UNIMOD:1;PP=Protein N-term;MT=Variable	NT=Deamidated;AC=UNIMOD:7;TA=N;MT=Variable	NT=Deamidated;AC=UNIMOD:7;TA=Q;MT=Variable	NT=Gln->pyro-Glu;AC=UNIMOD:28;PP=Protein N-term;MT=Variable	NT=Dithiothreitol (DTT);AC=PRIDE:0000608	not available	NT=collision-induced dissociation;AC=MS:1000133	not available	0.6 Da	35% NCE	1	1	OR-E1-72.raw	v1.1.0	NT=ms-proteomics;VV=v1.1.0	NT=human;VV=v1.1.0	NT=cell-lines;VV=v1.1.0	manual curation	D492
D492_E1-72	Homo sapiens	breast epithelium	normal	luminal epithelial cell of mammary gland	D492	CVCL_D1HJ	D492	adult	not available	female	2	study sample	OR-E1-72-repeat	proteomic profiling by mass spectrometry	NT=Data-dependent acquisition;AC=PRIDE:0000627	NT=LTQ Orbitrap Velos;AC=MS:1001742	NT=label free sample;AC=MS:1002038	NT=Trypsin/P;AC=MS:1001313	NT=Carbamidomethyl;AC=UNIMOD:4;TA=C;MT=Fixed	NT=Oxidation;AC=UNIMOD:35;TA=M;MT=Variable	NT=Acetyl;AC=UNIMOD:1;PP=Protein N-term;MT=Variable	NT=Deamidated;AC=UNIMOD:7;TA=N;MT=Variable	NT=Deamidated;AC=UNIMOD:7;TA=Q;MT=Variable	NT=Gln->pyro-Glu;AC=UNIMOD:28;PP=Protein N-term;MT=Variable	NT=Dithiothreitol (DTT);AC=PRIDE:0000608	not available	NT=collision-induced dissociation;AC=MS:1000133	not available	0.6 Da	35% NCE	1	2	OR-E1-72-repeat.raw	v1.1.0	NT=ms-proteomics;VV=v1.1.0	NT=human;VV=v1.1.0	NT=cell-lines;VV=v1.1.0	manual curation	D492
D492_E2-72	Homo sapiens	breast epithelium	normal	luminal epithelial cell of mammary gland	D492	CVCL_D1HJ	D492	adult	not available	female	3	study sample	OR-E2-72	proteomic profiling by mass spectrometry	NT=Data-dependent acquisition;AC=PRIDE:0000627	NT=LTQ Orbitrap Velos;AC=MS:1001742	NT=label free sample;AC=MS:1002038	NT=Trypsin/P;AC=MS:1001313	NT=Carbamidomethyl;AC=UNIMOD:4;TA=C;MT=Fixed	NT=Oxidation;AC=UNIMOD:35;TA=M;MT=Variable	NT=Acetyl;AC=UNIMOD:1;PP=Protein N-term;MT=Variable	NT=Deamidated;AC=UNIMOD:7;TA=N;MT=Variable	NT=Deamidated;AC=UNIMOD:7;TA=Q;MT=Variable	NT=Gln->pyro-Glu;AC=UNIMOD:28;PP=Protein N-term;MT=Variable	NT=Dithiothreitol (DTT);AC=PRIDE:0000608	not available	NT=collision-induced dissociation;AC=MS:1000133	not available	0.6 Da	35% NCE	1	1	OR-E2-72.raw	v1.1.0	NT=ms-proteomics;VV=v1.1.0	NT=human;VV=v1.1.0	NT=cell-lines;VV=v1.1.0	manual curation	D492
D492_E2-72	Homo sapiens	breast epithelium	normal	luminal epithelial cell of mammary gland	D492	CVCL_D1HJ	D492	adult	not available	female	3	study sample	OR-E2-72-repeat	proteomic profiling by mass spectrometry	NT=Data-dependent acquisition;AC=PRIDE:0000627	NT=LTQ Orbitrap Velos;AC=MS:1001742	NT=label free sample;AC=MS:1002038	NT=Trypsin/P;AC=MS:1001313	NT=Carbamidomethyl;AC=UNIMOD:4;TA=C;MT=Fixed	NT=Oxidation;AC=UNIMOD:35;TA=M;MT=Variable	NT=Acetyl;AC=UNIMOD:1;PP=Protein N-term;MT=Variable	NT=Deamidated;AC=UNIMOD:7;TA=N;MT=Variable	NT=Deamidated;AC=UNIMOD:7;TA=Q;MT=Variable	NT=Gln->pyro-Glu;AC=UNIMOD:28;PP=Protein N-term;MT=Variable	NT=Dithiothreitol (DTT);AC=PRIDE:0000608	not available	NT=collision-induced dissociation;AC=MS:1000133	not available	0.6 Da	35% NCE	1	2	OR-E2-72-repeat.raw	v1.1.0	NT=ms-proteomics;VV=v1.1.0	NT=human;VV=v1.1.0	NT=cell-lines;VV=v1.1.0	manual curation	D492
D492M_M1	Homo sapiens	breast epithelium	normal	luminal epithelial cell of mammary gland	D492M	CVCL_D1HK	D492M	adult	not available	female	1	study sample	OR-D492M_M1_	proteomic profiling by mass spectrometry	NT=Data-dependent acquisition;AC=PRIDE:0000627	NT=LTQ Orbitrap Velos;AC=MS:1001742	NT=label free sample;AC=MS:1002038	NT=Trypsin/P;AC=MS:1001313	NT=Carbamidomethyl;AC=UNIMOD:4;TA=C;MT=Fixed	NT=Oxidation;AC=UNIMOD:35;TA=M;MT=Variable	NT=Acetyl;AC=UNIMOD:1;PP=Protein N-term;MT=Variable	NT=Deamidated;AC=UNIMOD:7;TA=N;MT=Variable	NT=Deamidated;AC=UNIMOD:7;TA=Q;MT=Variable	NT=Gln->pyro-Glu;AC=UNIMOD:28;PP=Protein N-term;MT=Variable	NT=Dithiothreitol (DTT);AC=PRIDE:0000608	not available	NT=collision-induced dissociation;AC=MS:1000133	not available	0.6 Da	35% NCE	1	1	OR-D492M_M1_.raw	v1.1.0	NT=ms-proteomics;VV=v1.1.0	NT=human;VV=v1.1.0	NT=cell-lines;VV=v1.1.0	manual curation	D492M
D492M_M1	Homo sapiens	breast epithelium	normal	luminal epithelial cell of mammary gland	D492M	CVCL_D1HK	D492M	adult	not available	female	1	study sample	OR-D492M_M1_-repeat	proteomic profiling by mass spectrometry	NT=Data-dependent acquisition;AC=PRIDE:0000627	NT=LTQ Orbitrap Velos;AC=MS:1001742	NT=label free sample;AC=MS:1002038	NT=Trypsin/P;AC=MS:1001313	NT=Carbamidomethyl;AC=UNIMOD:4;TA=C;MT=Fixed	NT=Oxidation;AC=UNIMOD:35;TA=M;MT=Variable	NT=Acetyl;AC=UNIMOD:1;PP=Protein N-term;MT=Variable	NT=Deamidated;AC=UNIMOD:7;TA=N;MT=Variable	NT=Deamidated;AC=UNIMOD:7;TA=Q;MT=Variable	NT=Gln->pyro-Glu;AC=UNIMOD:28;PP=Protein N-term;MT=Variable	NT=Dithiothreitol (DTT);AC=PRIDE:0000608	not available	NT=collision-induced dissociation;AC=MS:1000133	not available	0.6 Da	35% NCE	1	2	OR-D492M_M1_-repeat.raw	v1.1.0	NT=ms-proteomics;VV=v1.1.0	NT=human;VV=v1.1.0	NT=cell-lines;VV=v1.1.0	manual curation	D492M
D492M_M2	Homo sapiens	breast epithelium	normal	luminal epithelial cell of mammary gland	D492M	CVCL_D1HK	D492M	adult	not available	female	2	study sample	OR-D492M_M2_	proteomic profiling by mass spectrometry	NT=Data-dependent acquisition;AC=PRIDE:0000627	NT=LTQ Orbitrap Velos;AC=MS:1001742	NT=label free sample;AC=MS:1002038	NT=Trypsin/P;AC=MS:1001313	NT=Carbamidomethyl;AC=UNIMOD:4;TA=C;MT=Fixed	NT=Oxidation;AC=UNIMOD:35;TA=M;MT=Variable	NT=Acetyl;AC=UNIMOD:1;PP=Protein N-term;MT=Variable	NT=Deamidated;AC=UNIMOD:7;TA=N;MT=Variable	NT=Deamidated;AC=UNIMOD:7;TA=Q;MT=Variable	NT=Gln->pyro-Glu;AC=UNIMOD:28;PP=Protein N-term;MT=Variable	NT=Dithiothreitol (DTT);AC=PRIDE:0000608	not available	NT=collision-induced dissociation;AC=MS:1000133	not available	0.6 Da	35% NCE	1	1	OR-D492M_M2_.raw	v1.1.0	NT=ms-proteomics;VV=v1.1.0	NT=human;VV=v1.1.0	NT=cell-lines;VV=v1.1.0	manual curation	D492M
D492M_M2	Homo sapiens	breast epithelium	normal	luminal epithelial cell of mammary gland	D492M	CVCL_D1HK	D492M	adult	not available	female	2	study sample	OR-D492M_M2_-repeat	proteomic profiling by mass spectrometry	NT=Data-dependent acquisition;AC=PRIDE:0000627	NT=LTQ Orbitrap Velos;AC=MS:1001742	NT=label free sample;AC=MS:1002038	NT=Trypsin/P;AC=MS:1001313	NT=Carbamidomethyl;AC=UNIMOD:4;TA=C;MT=Fixed	NT=Oxidation;AC=UNIMOD:35;TA=M;MT=Variable	NT=Acetyl;AC=UNIMOD:1;PP=Protein N-term;MT=Variable	NT=Deamidated;AC=UNIMOD:7;TA=N;MT=Variable	NT=Deamidated;AC=UNIMOD:7;TA=Q;MT=Variable	NT=Gln->pyro-Glu;AC=UNIMOD:28;PP=Protein N-term;MT=Variable	NT=Dithiothreitol (DTT);AC=PRIDE:0000608	not available	NT=collision-induced dissociation;AC=MS:1000133	not available	0.6 Da	35% NCE	1	2	OR-D492M_M2_-repeat.raw	v1.1.0	NT=ms-proteomics;VV=v1.1.0	NT=human;VV=v1.1.0	NT=cell-lines;VV=v1.1.0	manual curation	D492M
D492M_M41	Homo sapiens	breast epithelium	normal	luminal epithelial cell of mammary gland	D492M	CVCL_D1HK	D492M	adult	not available	female	3	study sample	OR-M_41_	proteomic profiling by mass spectrometry	NT=Data-dependent acquisition;AC=PRIDE:0000627	NT=LTQ Orbitrap Velos;AC=MS:1001742	NT=label free sample;AC=MS:1002038	NT=Trypsin/P;AC=MS:1001313	NT=Carbamidomethyl;AC=UNIMOD:4;TA=C;MT=Fixed	NT=Oxidation;AC=UNIMOD:35;TA=M;MT=Variable	NT=Acetyl;AC=UNIMOD:1;PP=Protein N-term;MT=Variable	NT=Deamidated;AC=UNIMOD:7;TA=N;MT=Variable	NT=Deamidated;AC=UNIMOD:7;TA=Q;MT=Variable	NT=Gln->pyro-Glu;AC=UNIMOD:28;PP=Protein N-term;MT=Variable	NT=Dithiothreitol (DTT);AC=PRIDE:0000608	not available	NT=collision-induced dissociation;AC=MS:1000133	not available	0.6 Da	35% NCE	1	1	OR-M_41_.raw	v1.1.0	NT=ms-proteomics;VV=v1.1.0	NT=human;VV=v1.1.0	NT=cell-lines;VV=v1.1.0	manual curation	D492M
D492M_M41	Homo sapiens	breast epithelium	normal	luminal epithelial cell of mammary gland	D492M	CVCL_D1HK	D492M	adult	not available	female	3	study sample	OR-M_41_-rpeat	proteomic profiling by mass spectrometry	NT=Data-dependent acquisition;AC=PRIDE:0000627	NT=LTQ Orbitrap Velos;AC=MS:1001742	NT=label free sample;AC=MS:1002038	NT=Trypsin/P;AC=MS:1001313	NT=Carbamidomethyl;AC=UNIMOD:4;TA=C;MT=Fixed	NT=Oxidation;AC=UNIMOD:35;TA=M;MT=Variable	NT=Acetyl;AC=UNIMOD:1;PP=Protein N-term;MT=Variable	NT=Deamidated;AC=UNIMOD:7;TA=N;MT=Variable	NT=Deamidated;AC=UNIMOD:7;TA=Q;MT=Variable	NT=Gln->pyro-Glu;AC=UNIMOD:28;PP=Protein N-term;MT=Variable	NT=Dithiothreitol (DTT);AC=PRIDE:0000608	not available	NT=collision-induced dissociation;AC=MS:1000133	not available	0.6 Da	35% NCE	1	2	OR-M_41_-rpeat.raw	v1.1.0	NT=ms-proteomics;VV=v1.1.0	NT=human;VV=v1.1.0	NT=cell-lines;VV=v1.1.0	manual curation	D492M
D492HER2_H1	Homo sapiens	breast epithelium	normal	luminal epithelial cell of mammary gland	D492HER2	not available	not available	adult	not available	female	1	study sample	OR-D492-Her2_H1_	proteomic profiling by mass spectrometry	NT=Data-dependent acquisition;AC=PRIDE:0000627	NT=LTQ Orbitrap Velos;AC=MS:1001742	NT=label free sample;AC=MS:1002038	NT=Trypsin/P;AC=MS:1001313	NT=Carbamidomethyl;AC=UNIMOD:4;TA=C;MT=Fixed	NT=Oxidation;AC=UNIMOD:35;TA=M;MT=Variable	NT=Acetyl;AC=UNIMOD:1;PP=Protein N-term;MT=Variable	NT=Deamidated;AC=UNIMOD:7;TA=N;MT=Variable	NT=Deamidated;AC=UNIMOD:7;TA=Q;MT=Variable	NT=Gln->pyro-Glu;AC=UNIMOD:28;PP=Protein N-term;MT=Variable	NT=Dithiothreitol (DTT);AC=PRIDE:0000608	not available	NT=collision-induced dissociation;AC=MS:1000133	not available	0.6 Da	35% NCE	1	1	OR-D492-Her2_H1_.raw	v1.1.0	NT=ms-proteomics;VV=v1.1.0	NT=human;VV=v1.1.0	NT=cell-lines;VV=v1.1.0	manual curation	D492HER2
D492HER2_H2	Homo sapiens	breast epithelium	normal	luminal epithelial cell of mammary gland	D492HER2	not available	not available	adult	not available	female	2	study sample	OR-D492-Her2_H2_	proteomic profiling by mass spectrometry	NT=Data-dependent acquisition;AC=PRIDE:0000627	NT=LTQ Orbitrap Velos;AC=MS:1001742	NT=label free sample;AC=MS:1002038	NT=Trypsin/P;AC=MS:1001313	NT=Carbamidomethyl;AC=UNIMOD:4;TA=C;MT=Fixed	NT=Oxidation;AC=UNIMOD:35;TA=M;MT=Variable	NT=Acetyl;AC=UNIMOD:1;PP=Protein N-term;MT=Variable	NT=Deamidated;AC=UNIMOD:7;TA=N;MT=Variable	NT=Deamidated;AC=UNIMOD:7;TA=Q;MT=Variable	NT=Gln->pyro-Glu;AC=UNIMOD:28;PP=Protein N-term;MT=Variable	NT=Dithiothreitol (DTT);AC=PRIDE:0000608	not available	NT=collision-induced dissociation;AC=MS:1000133	not available	0.6 Da	35% NCE	1	1	OR-D492-Her2_H2_.raw	v1.1.0	NT=ms-proteomics;VV=v1.1.0	NT=human;VV=v1.1.0	NT=cell-lines;VV=v1.1.0	manual curation	D492HER2
D492HER2_75	Homo sapiens	breast epithelium	normal	luminal epithelial cell of mammary gland	D492HER2	not available	not available	adult	not available	female	3	study sample	OR-Her2_75_	proteomic profiling by mass spectrometry	NT=Data-dependent acquisition;AC=PRIDE:0000627	NT=LTQ Orbitrap Velos;AC=MS:1001742	NT=label free sample;AC=MS:1002038	NT=Trypsin/P;AC=MS:1001313	NT=Carbamidomethyl;AC=UNIMOD:4;TA=C;MT=Fixed	NT=Oxidation;AC=UNIMOD:35;TA=M;MT=Variable	NT=Acetyl;AC=UNIMOD:1;PP=Protein N-term;MT=Variable	NT=Deamidated;AC=UNIMOD:7;TA=N;MT=Variable	NT=Deamidated;AC=UNIMOD:7;TA=Q;MT=Variable	NT=Gln->pyro-Glu;AC=UNIMOD:28;PP=Protein N-term;MT=Variable	NT=Dithiothreitol (DTT);AC=PRIDE:0000608	not available	NT=collision-induced dissociation;AC=MS:1000133	not available	0.6 Da	35% NCE	1	1	OR-Her2_75_.raw	v1.1.0	NT=ms-proteomics;VV=v1.1.0	NT=human;VV=v1.1.0	NT=cell-lines;VV=v1.1.0	manual curation	D492HER2
D492DEE_D1	Homo sapiens	breast epithelium	normal	luminal epithelial cell of mammary gland	D492DEE	not available	not available	adult	not available	female	1	study sample	OR-D492-DEE_D1_	proteomic profiling by mass spectrometry	NT=Data-dependent acquisition;AC=PRIDE:0000627	NT=LTQ Orbitrap Velos;AC=MS:1001742	NT=label free sample;AC=MS:1002038	NT=Trypsin/P;AC=MS:1001313	NT=Carbamidomethyl;AC=UNIMOD:4;TA=C;MT=Fixed	NT=Oxidation;AC=UNIMOD:35;TA=M;MT=Variable	NT=Acetyl;AC=UNIMOD:1;PP=Protein N-term;MT=Variable	NT=Deamidated;AC=UNIMOD:7;TA=N;MT=Variable	NT=Deamidated;AC=UNIMOD:7;TA=Q;MT=Variable	NT=Gln->pyro-Glu;AC=UNIMOD:28;PP=Protein N-term;MT=Variable	NT=Dithiothreitol (DTT);AC=PRIDE:0000608	not available	NT=collision-induced dissociation;AC=MS:1000133	not available	0.6 Da	35% NCE	1	1	OR-D492-DEE_D1_.raw	v1.1.0	NT=ms-proteomics;VV=v1.1.0	NT=human;VV=v1.1.0	NT=cell-lines;VV=v1.1.0	manual curation	D492DEE
D492DEE_D2	Homo sapiens	breast epithelium	normal	luminal epithelial cell of mammary gland	D492DEE	not available	not available	adult	not available	female	2	study sample	OR-D492-DEE_D2_	proteomic profiling by mass spectrometry	NT=Data-dependent acquisition;AC=PRIDE:0000627	NT=LTQ Orbitrap Velos;AC=MS:1001742	NT=label free sample;AC=MS:1002038	NT=Trypsin/P;AC=MS:1001313	NT=Carbamidomethyl;AC=UNIMOD:4;TA=C;MT=Fixed	NT=Oxidation;AC=UNIMOD:35;TA=M;MT=Variable	NT=Acetyl;AC=UNIMOD:1;PP=Protein N-term;MT=Variable	NT=Deamidated;AC=UNIMOD:7;TA=N;MT=Variable	NT=Deamidated;AC=UNIMOD:7;TA=Q;MT=Variable	NT=Gln->pyro-Glu;AC=UNIMOD:28;PP=Protein N-term;MT=Variable	NT=Dithiothreitol (DTT);AC=PRIDE:0000608	not available	NT=collision-induced dissociation;AC=MS:1000133	not available	0.6 Da	35% NCE	1	1	OR-D492-DEE_D2_.raw	v1.1.0	NT=ms-proteomics;VV=v1.1.0	NT=human;VV=v1.1.0	NT=cell-lines;VV=v1.1.0	manual curation	D492DEE
D492DEE_72	Homo sapiens	breast epithelium	normal	luminal epithelial cell of mammary gland	D492DEE	not available	not available	adult	not available	female	3	study sample	OR-DEE_72_	proteomic profiling by mass spectrometry	NT=Data-dependent acquisition;AC=PRIDE:0000627	NT=LTQ Orbitrap Velos;AC=MS:1001742	NT=label free sample;AC=MS:1002038	NT=Trypsin/P;AC=MS:1001313	NT=Carbamidomethyl;AC=UNIMOD:4;TA=C;MT=Fixed	NT=Oxidation;AC=UNIMOD:35;TA=M;MT=Variable	NT=Acetyl;AC=UNIMOD:1;PP=Protein N-term;MT=Variable	NT=Deamidated;AC=UNIMOD:7;TA=N;MT=Variable	NT=Deamidated;AC=UNIMOD:7;TA=Q;MT=Variable	NT=Gln->pyro-Glu;AC=UNIMOD:28;PP=Protein N-term;MT=Variable	NT=Dithiothreitol (DTT);AC=PRIDE:0000608	not available	NT=collision-induced dissociation;AC=MS:1000133	not available	0.6 Da	35% NCE	1	1	OR-DEE_72_.raw	v1.1.0	NT=ms-proteomics;VV=v1.1.0	NT=human;VV=v1.1.0	NT=cell-lines;VV=v1.1.0	manual curation	D492DEE
